svs_filename,slide_path,recognized_text
291288_.svs,Breast_cancer_N=137/291288_.svs,
291290_.svs,Breast_cancer_N=137/291290_.svs,
291292_.svs,Breast_cancer_N=137/291292_.svs,
291293_.svs,Breast_cancer_N=137/291293_.svs,
291295_.svs,Breast_cancer_N=137/291295_.svs,
291296_.svs,Breast_cancer_N=137/291296_.svs,
291297.svs,Breast_cancer_N=137/291297.svs,iL
291298_.svs,Breast_cancer_N=137/291298_.svs,
291299_.svs,Breast_cancer_N=137/291299_.svs,
291300.svs,Breast_cancer_N=137/291300.svs,
291301_.svs,Breast_cancer_N=137/291301_.svs,4 |
291302.svs,Breast_cancer_N=137/291302.svs,
291303_.svs,Breast_cancer_N=137/291303_.svs,
291304.svs,Breast_cancer_N=137/291304.svs,| | . : )
291305_.svs,Breast_cancer_N=137/291305_.svs,
291306.svs,Breast_cancer_N=137/291306.svs,
291307_.svs,Breast_cancer_N=137/291307_.svs,
291308_.svs,Breast_cancer_N=137/291308_.svs,.
291309.svs,Breast_cancer_N=137/291309.svs,7 | i.
291310_.svs,Breast_cancer_N=137/291310_.svs,
291311.svs,Breast_cancer_N=137/291311.svs,
291312_.svs,Breast_cancer_N=137/291312_.svs,
291313.svs,Breast_cancer_N=137/291313.svs,
291314_.svs,Breast_cancer_N=137/291314_.svs,
291315_.svs,Breast_cancer_N=137/291315_.svs,
291316.svs,Breast_cancer_N=137/291316.svs,
291317_.svs,Breast_cancer_N=137/291317_.svs,
291318.svs,Breast_cancer_N=137/291318.svs,_ '
291319_.svs,Breast_cancer_N=137/291319_.svs,
291320_.svs,Breast_cancer_N=137/291320_.svs,
291321.svs,Breast_cancer_N=137/291321.svs,
291322_.svs,Breast_cancer_N=137/291322_.svs,
291323.svs,Breast_cancer_N=137/291323.svs,
291324_.svs,Breast_cancer_N=137/291324_.svs,": | | ,"
291325.svs,Breast_cancer_N=137/291325.svs,4q | .
291326_.svs,Breast_cancer_N=137/291326_.svs,
291327.svs,Breast_cancer_N=137/291327.svs,
291328_.svs,Breast_cancer_N=137/291328_.svs,
291329_.svs,Breast_cancer_N=137/291329_.svs,
291330.svs,Breast_cancer_N=137/291330.svs,
291331_.svs,Breast_cancer_N=137/291331_.svs,
291332.svs,Breast_cancer_N=137/291332.svs,a .
291333_.svs,Breast_cancer_N=137/291333_.svs,
291334.svs,Breast_cancer_N=137/291334.svs,
291335_.svs,Breast_cancer_N=137/291335_.svs,
291336.svs,Breast_cancer_N=137/291336.svs,
291337_.svs,Breast_cancer_N=137/291337_.svs,
291338_.svs,Breast_cancer_N=137/291338_.svs,
291339.svs,Breast_cancer_N=137/291339.svs,
291340_.svs,Breast_cancer_N=137/291340_.svs,
291341.svs,Breast_cancer_N=137/291341.svs,
291342_.svs,Breast_cancer_N=137/291342_.svs,
291343_.svs,Breast_cancer_N=137/291343_.svs,
291344.svs,Breast_cancer_N=137/291344.svs,
291345_.svs,Breast_cancer_N=137/291345_.svs,
291346.svs,Breast_cancer_N=137/291346.svs,"{ . , 7 ;"
291347_.svs,Breast_cancer_N=137/291347_.svs,
291348_.svs,Breast_cancer_N=137/291348_.svs,
291349.svs,Breast_cancer_N=137/291349.svs,
291350_.svs,Breast_cancer_N=137/291350_.svs,
291351_.svs,Breast_cancer_N=137/291351_.svs,
291352.svs,Breast_cancer_N=137/291352.svs,: i‘
291353_.svs,Breast_cancer_N=137/291353_.svs,4
291354_.svs,Breast_cancer_N=137/291354_.svs,
291355.svs,Breast_cancer_N=137/291355.svs,
291356_.svs,Breast_cancer_N=137/291356_.svs,| 4 C | | 6
291357.svs,Breast_cancer_N=137/291357.svs,
291358_.svs,Breast_cancer_N=137/291358_.svs,
291359_.svs,Breast_cancer_N=137/291359_.svs,
291360.svs,Breast_cancer_N=137/291360.svs,
291361_.svs,Breast_cancer_N=137/291361_.svs,
291362_.svs,Breast_cancer_N=137/291362_.svs,+ |
291363.svs,Breast_cancer_N=137/291363.svs,
291364_.svs,Breast_cancer_N=137/291364_.svs,
291365.svs,Breast_cancer_N=137/291365.svs,
291366_.svs,Breast_cancer_N=137/291366_.svs,.
291367_.svs,Breast_cancer_N=137/291367_.svs,
291368.svs,Breast_cancer_N=137/291368.svs,
291369_.svs,Breast_cancer_N=137/291369_.svs,
291371.svs,Breast_cancer_N=137/291371.svs,a
291372_.svs,Breast_cancer_N=137/291372_.svs,
291373_.svs,Breast_cancer_N=137/291373_.svs,
291374.svs,Breast_cancer_N=137/291374.svs,es \
291375_.svs,Breast_cancer_N=137/291375_.svs,
291376_.svs,Breast_cancer_N=137/291376_.svs,: b |
291377.svs,Breast_cancer_N=137/291377.svs,
291378_.svs,Breast_cancer_N=137/291378_.svs,' : |
291379.svs,Breast_cancer_N=137/291379.svs,
291380_.svs,Breast_cancer_N=137/291380_.svs,
291381_.svs,Breast_cancer_N=137/291381_.svs,. ‘
291382.svs,Breast_cancer_N=137/291382.svs,| { : j
291383.svs,Breast_cancer_N=137/291383.svs,
291384.svs,Breast_cancer_N=137/291384.svs,
291385.svs,Breast_cancer_N=137/291385.svs,| | | :
291386.svs,Breast_cancer_N=137/291386.svs,
291387.svs,Breast_cancer_N=137/291387.svs,
291388.svs,Breast_cancer_N=137/291388.svs,| | | . s ;
291389.svs,Breast_cancer_N=137/291389.svs,E |
291390.svs,Breast_cancer_N=137/291390.svs,1 . | ’
291391.svs,Breast_cancer_N=137/291391.svs,4 . } i
291392.svs,Breast_cancer_N=137/291392.svs,
291393.svs,Breast_cancer_N=137/291393.svs,
291394.svs,Breast_cancer_N=137/291394.svs,
291395.svs,Breast_cancer_N=137/291395.svs,*
291396.svs,Breast_cancer_N=137/291396.svs,
291397.svs,Breast_cancer_N=137/291397.svs,4 7 l
291398.svs,Breast_cancer_N=137/291398.svs,
291399.svs,Breast_cancer_N=137/291399.svs,4 . )
291400.svs,Breast_cancer_N=137/291400.svs,
291401.svs,Breast_cancer_N=137/291401.svs,
291402.svs,Breast_cancer_N=137/291402.svs,
291403.svs,Breast_cancer_N=137/291403.svs,
291404.svs,Breast_cancer_N=137/291404.svs,( : | | |
291405.svs,Breast_cancer_N=137/291405.svs,
291406.svs,Breast_cancer_N=137/291406.svs,a |
291407.svs,Breast_cancer_N=137/291407.svs,
291410.svs,Breast_cancer_N=137/291410.svs,* A
291415.svs,Breast_cancer_N=137/291415.svs,
291419.svs,Breast_cancer_N=137/291419.svs,. | |
291423.svs,Breast_cancer_N=137/291423.svs,
291427.svs,Breast_cancer_N=137/291427.svs,« }
291431.svs,Breast_cancer_N=137/291431.svs,
291436.svs,Breast_cancer_N=137/291436.svs,4 ; x
291439.svs,Breast_cancer_N=137/291439.svs,
291443.svs,Breast_cancer_N=137/291443.svs,
291448.svs,Breast_cancer_N=137/291448.svs,( . :
291454.svs,Breast_cancer_N=137/291454.svs,a“
291457.svs,Breast_cancer_N=137/291457.svs,
291462.svs,Breast_cancer_N=137/291462.svs,4 |
291466.svs,Breast_cancer_N=137/291466.svs,{ | : |
291470.svs,Breast_cancer_N=137/291470.svs,
291474.svs,Breast_cancer_N=137/291474.svs,
291478.svs,Breast_cancer_N=137/291478.svs,
291482.svs,Breast_cancer_N=137/291482.svs,4 | | .
291487.svs,Breast_cancer_N=137/291487.svs,
291492.svs,Breast_cancer_N=137/291492.svs,
291496.svs,Breast_cancer_N=137/291496.svs,
279879_1033717001.svs,CRC_N=61/279879_1033717001.svs,
279880.svs,CRC_N=61/279880.svs,
279881.svs,CRC_N=61/279881.svs,
279882.svs,CRC_N=61/279882.svs,
279883.svs,CRC_N=61/279883.svs,
279884.svs,CRC_N=61/279884.svs,
279885.svs,CRC_N=61/279885.svs,
279886.svs,CRC_N=61/279886.svs,ial |
279887.svs,CRC_N=61/279887.svs,
279888.svs,CRC_N=61/279888.svs,“I 50”
279889.svs,CRC_N=61/279889.svs,
279890.svs,CRC_N=61/279890.svs,*
279891.svs,CRC_N=61/279891.svs,
279892.svs,CRC_N=61/279892.svs,
279893.svs,CRC_N=61/279893.svs,
279894.svs,CRC_N=61/279894.svs,
279895.svs,CRC_N=61/279895.svs,¥ ;
279896.svs,CRC_N=61/279896.svs,“ y
279897.svs,CRC_N=61/279897.svs,‘ i
279898.svs,CRC_N=61/279898.svs,
279899.svs,CRC_N=61/279899.svs,=
279900.svs,CRC_N=61/279900.svs,‘ a
279901.svs,CRC_N=61/279901.svs,=]
279902.svs,CRC_N=61/279902.svs,
279903.svs,CRC_N=61/279903.svs,“ef
279905.svs,CRC_N=61/279905.svs,‘ a |
279906.svs,CRC_N=61/279906.svs,aa |
279907.svs,CRC_N=61/279907.svs,
279908.svs,CRC_N=61/279908.svs,. :
279909.svs,CRC_N=61/279909.svs,
279910.svs,CRC_N=61/279910.svs,=
279911.svs,CRC_N=61/279911.svs,
279912.svs,CRC_N=61/279912.svs,
279913.svs,CRC_N=61/279913.svs,a
279914.svs,CRC_N=61/279914.svs,rE ) ;
279915.svs,CRC_N=61/279915.svs,
279916.svs,CRC_N=61/279916.svs,
279917.svs,CRC_N=61/279917.svs,“ }
279918.svs,CRC_N=61/279918.svs,
279919.svs,CRC_N=61/279919.svs,a
279920.svs,CRC_N=61/279920.svs,
279921.svs,CRC_N=61/279921.svs,—
279922.svs,CRC_N=61/279922.svs,
279923.svs,CRC_N=61/279923.svs,
279924.svs,CRC_N=61/279924.svs,
279925.svs,CRC_N=61/279925.svs,ie 57
279926.svs,CRC_N=61/279926.svs,
279927.svs,CRC_N=61/279927.svs,
279928.svs,CRC_N=61/279928.svs,
279929.svs,CRC_N=61/279929.svs,7
279930.svs,CRC_N=61/279930.svs,
279931.svs,CRC_N=61/279931.svs,-
279932.svs,CRC_N=61/279932.svs,* :
279933.svs,CRC_N=61/279933.svs,
279934.svs,CRC_N=61/279934.svs,
279950.svs,CRC_N=61/279950.svs,a
490935 9B.svs,CRC_N=61/490935 9B.svs,ia ;
491499 7.svs,CRC_N=61/491499 7.svs,a
"493251 7A,7B.svs","CRC_N=61/493251 7A,7B.svs",ae |
"493854 8,9.svs","CRC_N=61/493854 8,9.svs",a |
494432 6.svs,CRC_N=61/494432 6.svs,“o |
292627_.svs,HCC_N=39/292627_.svs,
292629_.svs,HCC_N=39/292629_.svs,
292631_.svs,HCC_N=39/292631_.svs,
292632_.svs,HCC_N=39/292632_.svs,
292634_.svs,HCC_N=39/292634_.svs,
292636_.svs,HCC_N=39/292636_.svs,
292637_.svs,HCC_N=39/292637_.svs,
292639_.svs,HCC_N=39/292639_.svs,
292641_.svs,HCC_N=39/292641_.svs,
292642_.svs,HCC_N=39/292642_.svs,
292644_.svs,HCC_N=39/292644_.svs,
292646_.svs,HCC_N=39/292646_.svs,
292649_.svs,HCC_N=39/292649_.svs,4 ° . | | . | |
292650_.svs,HCC_N=39/292650_.svs,
292652_.svs,HCC_N=39/292652_.svs,4
292653_.svs,HCC_N=39/292653_.svs,
292655_.svs,HCC_N=39/292655_.svs,a = . J
292656_.svs,HCC_N=39/292656_.svs,
292657_.svs,HCC_N=39/292657_.svs,; | =
292658_.svs,HCC_N=39/292658_.svs,; “ : | g
292659_.svs,HCC_N=39/292659_.svs,
292660_.svs,HCC_N=39/292660_.svs,
292661_.svs,HCC_N=39/292661_.svs,
292662_.svs,HCC_N=39/292662_.svs,
292663_.svs,HCC_N=39/292663_.svs,
292664_.svs,HCC_N=39/292664_.svs,
292665_.svs,HCC_N=39/292665_.svs,
292666_.svs,HCC_N=39/292666_.svs,
292667_.svs,HCC_N=39/292667_.svs,
292668_.svs,HCC_N=39/292668_.svs,
292669_.svs,HCC_N=39/292669_.svs,
292670_.svs,HCC_N=39/292670_.svs,a -
292671_.svs,HCC_N=39/292671_.svs,"’ - ue "" be ‘"
292672_.svs,HCC_N=39/292672_.svs,
292673_.svs,HCC_N=39/292673_.svs,
292674_.svs,HCC_N=39/292674_.svs,
292675_.svs,HCC_N=39/292675_.svs,
292677_.svs,HCC_N=39/292677_.svs,iB: a | i
292678_.svs,HCC_N=39/292678_.svs,
293671_.svs,Lung_Cancer_N=169/2024-09-20/293671_.svs,
293672_.svs,Lung_Cancer_N=169/2024-09-20/293672_.svs,
293673_.svs,Lung_Cancer_N=169/2024-09-20/293673_.svs,7 ; | .
293674_.svs,Lung_Cancer_N=169/2024-09-20/293674_.svs,> | en
293675_.svs,Lung_Cancer_N=169/2024-09-20/293675_.svs,
293676_.svs,Lung_Cancer_N=169/2024-09-20/293676_.svs,
293677_.svs,Lung_Cancer_N=169/2024-09-20/293677_.svs,° :
293678_.svs,Lung_Cancer_N=169/2024-09-20/293678_.svs,; - a a) ——_ -
293679_.svs,Lung_Cancer_N=169/2024-09-20/293679_.svs,
293680_.svs,Lung_Cancer_N=169/2024-09-20/293680_.svs,| | a? dive. . | ad
293681_.svs,Lung_Cancer_N=169/2024-09-20/293681_.svs,. onan | 7 =
293682_.svs,Lung_Cancer_N=169/2024-09-20/293682_.svs,
293683_.svs,Lung_Cancer_N=169/2024-09-20/293683_.svs,: 7 | a
293684_.svs,Lung_Cancer_N=169/2024-09-20/293684_.svs,| a? | A = R a
293686_.svs,Lung_Cancer_N=169/2024-09-20/293686_.svs,| © ” “ | . +e
293687_.svs,Lung_Cancer_N=169/2024-09-20/293687_.svs,| | | al
293689_.svs,Lung_Cancer_N=169/2024-09-20/293689_.svs,", ,"
293691_.svs,Lung_Cancer_N=169/2024-09-20/293691_.svs,
293692_.svs,Lung_Cancer_N=169/2024-09-20/293692_.svs,
293694_.svs,Lung_Cancer_N=169/2024-09-20/293694_.svs,", : = | i _——"
293696_.svs,Lung_Cancer_N=169/2024-09-20/293696_.svs,"| a ra . i, > —_—-"
293698_.svs,Lung_Cancer_N=169/2024-09-20/293698_.svs,
293700_.svs,Lung_Cancer_N=169/2024-09-20/293700_.svs,| | . | cunts
293702_.svs,Lung_Cancer_N=169/2024-09-20/293702_.svs,ie * . rae
293704_.svs,Lung_Cancer_N=169/2024-09-20/293704_.svs,
293706_.svs,Lung_Cancer_N=169/2024-09-20/293706_.svs,
293708_.svs,Lung_Cancer_N=169/2024-09-20/293708_.svs,Bin | _
293710_.svs,Lung_Cancer_N=169/2024-09-20/293710_.svs,: _
293711_.svs,Lung_Cancer_N=169/2024-09-20/293711_.svs,
293713_.svs,Lung_Cancer_N=169/2024-09-20/293713_.svs,| | | =
293715_.svs,Lung_Cancer_N=169/2024-09-20/293715_.svs,- |
293716_.svs,Lung_Cancer_N=169/2024-09-20/293716_.svs,
293718_.svs,Lung_Cancer_N=169/2024-09-20/293718_.svs,7 - ¢ | - “ue — rs _—
293720_.svs,Lung_Cancer_N=169/2024-09-20/293720_.svs,
293722_.svs,Lung_Cancer_N=169/2024-09-20/293722_.svs,
293724_.svs,Lung_Cancer_N=169/2024-09-20/293724_.svs,‘ Sal 7 eee
293726_.svs,Lung_Cancer_N=169/2024-09-20/293726_.svs,
293728_.svs,Lung_Cancer_N=169/2024-09-20/293728_.svs,
293730_.svs,Lung_Cancer_N=169/2024-09-20/293730_.svs,
293732_.svs,Lung_Cancer_N=169/2024-09-20/293732_.svs,
293734_.svs,Lung_Cancer_N=169/2024-09-20/293734_.svs,
293736_.svs,Lung_Cancer_N=169/2024-09-20/293736_.svs,
293738_.svs,Lung_Cancer_N=169/2024-09-20/293738_.svs,
293740_.svs,Lung_Cancer_N=169/2024-09-20/293740_.svs,"7 ? . oui, ~ red |"
293742_.svs,Lung_Cancer_N=169/2024-09-20/293742_.svs,Kgs ote | ~ | 7
293744_.svs,Lung_Cancer_N=169/2024-09-20/293744_.svs,"3 ; | * | | ""a"
293746_.svs,Lung_Cancer_N=169/2024-09-20/293746_.svs,; cr | 4 “ |
293749_.svs,Lung_Cancer_N=169/2024-09-20/293749_.svs,
293750_.svs,Lung_Cancer_N=169/2024-09-20/293750_.svs,* | a e
293752_.svs,Lung_Cancer_N=169/2024-09-20/293752_.svs,| - r | 5
293755_.svs,Lung_Cancer_N=169/2024-09-20/293755_.svs,
293757_.svs,Lung_Cancer_N=169/2024-09-20/293757_.svs,ll | id
293759_.svs,Lung_Cancer_N=169/2024-09-20/293759_.svs,/ | | nf ~ . 7 |
293761_.svs,Lung_Cancer_N=169/2024-09-20/293761_.svs,‘ 7 | pn
293763_.svs,Lung_Cancer_N=169/2024-09-20/293763_.svs,
293765_.svs,Lung_Cancer_N=169/2024-09-20/293765_.svs,
293768_.svs,Lung_Cancer_N=169/2024-09-20/293768_.svs,
293770_.svs,Lung_Cancer_N=169/2024-09-20/293770_.svs,
293772_.svs,Lung_Cancer_N=169/2024-09-20/293772_.svs,| . 4 i i ae ~ oe
293775_.svs,Lung_Cancer_N=169/2024-09-20/293775_.svs,q | . ; / x é 7 : . 4s |
293778_.svs,Lung_Cancer_N=169/2024-09-20/293778_.svs,: * 5 “
293780_.svs,Lung_Cancer_N=169/2024-09-20/293780_.svs,> | a
293781_.svs,Lung_Cancer_N=169/2024-09-20/293781_.svs,_ | _—
293783_.svs,Lung_Cancer_N=169/2024-09-20/293783_.svs,
293785_.svs,Lung_Cancer_N=169/2024-09-20/293785_.svs,
293787_.svs,Lung_Cancer_N=169/2024-09-20/293787_.svs,
293789_.svs,Lung_Cancer_N=169/2024-09-20/293789_.svs,
293791_.svs,Lung_Cancer_N=169/2024-09-20/293791_.svs,5 . | ? |
293793_.svs,Lung_Cancer_N=169/2024-09-20/293793_.svs,
293795_.svs,Lung_Cancer_N=169/2024-09-20/293795_.svs,
293797_.svs,Lung_Cancer_N=169/2024-09-20/293797_.svs,
293799_.svs,Lung_Cancer_N=169/2024-09-20/293799_.svs,. a q 4
293800_.svs,Lung_Cancer_N=169/2024-09-20/293800_.svs,
293802_.svs,Lung_Cancer_N=169/2024-09-20/293802_.svs,i |
293803_.svs,Lung_Cancer_N=169/2024-09-20/293803_.svs,. ~ =
293804_.svs,Lung_Cancer_N=169/2024-09-20/293804_.svs,re | | . _
293806_.svs,Lung_Cancer_N=169/2024-09-20/293806_.svs,
293809_.svs,Lung_Cancer_N=169/2024-09-20/293809_.svs,| — | | -
293811_.svs,Lung_Cancer_N=169/2024-09-20/293811_.svs,7 a 7 F :
293813_.svs,Lung_Cancer_N=169/2024-09-20/293813_.svs,as { ;
293816_.svs,Lung_Cancer_N=169/2024-09-20/293816_.svs,
293817_.svs,Lung_Cancer_N=169/2024-09-20/293817_.svs,« iat | .
293819_.svs,Lung_Cancer_N=169/2024-09-20/293819_.svs,
293821_.svs,Lung_Cancer_N=169/2024-09-20/293821_.svs,
293823_.svs,Lung_Cancer_N=169/2024-09-20/293823_.svs,
293826_.svs,Lung_Cancer_N=169/2024-09-20/293826_.svs,
293829_.svs,Lung_Cancer_N=169/2024-09-20/293829_.svs,ms : os Lae Big . | Poe )
293831_.svs,Lung_Cancer_N=169/2024-09-20/293831_.svs,"es. , ; - arr Sanaa"
293833_.svs,Lung_Cancer_N=169/2024-09-20/293833_.svs,
293836_.svs,Lung_Cancer_N=169/2024-09-20/293836_.svs,
293840_.svs,Lung_Cancer_N=169/2024-09-20/293840_.svs,
293843_.svs,Lung_Cancer_N=169/2024-09-20/293843_.svs,
293845_.svs,Lung_Cancer_N=169/2024-09-20/293845_.svs,
293849_.svs,Lung_Cancer_N=169/2024-09-20/293849_.svs,
293852_.svs,Lung_Cancer_N=169/2024-09-20/293852_.svs,
293854_.svs,Lung_Cancer_N=169/2024-09-20/293854_.svs,
293857_.svs,Lung_Cancer_N=169/2024-09-20/293857_.svs,
293860_.svs,Lung_Cancer_N=169/2024-09-20/293860_.svs,
293863_.svs,Lung_Cancer_N=169/2024-09-20/293863_.svs,
293865_.svs,Lung_Cancer_N=169/2024-09-20/293865_.svs,' ' v - : = .
293867_.svs,Lung_Cancer_N=169/2024-09-20/293867_.svs,
293870_.svs,Lung_Cancer_N=169/2024-09-20/293870_.svs,7 . . es cil a
293872_.svs,Lung_Cancer_N=169/2024-09-20/293872_.svs,": / | | ,"
293876_.svs,Lung_Cancer_N=169/2024-09-20/293876_.svs,
293878_.svs,Lung_Cancer_N=169/2024-09-20/293878_.svs,"i, » —"
293881_.svs,Lung_Cancer_N=169/2024-09-20/293881_.svs,A | *
293884_.svs,Lung_Cancer_N=169/2024-09-20/293884_.svs,
293887_.svs,Lung_Cancer_N=169/2024-09-20/293887_.svs,Z. > | | a
293889_.svs,Lung_Cancer_N=169/2024-09-20/293889_.svs,
293892_.svs,Lung_Cancer_N=169/2024-09-20/293892_.svs,
293894_.svs,Lung_Cancer_N=169/2024-09-20/293894_.svs,
293897_.svs,Lung_Cancer_N=169/2024-09-20/293897_.svs,
293900_.svs,Lung_Cancer_N=169/2024-09-20/293900_.svs,| ? ame * r | “
293903_.svs,Lung_Cancer_N=169/2024-09-20/293903_.svs,
293906_.svs,Lung_Cancer_N=169/2024-09-20/293906_.svs,
293909_.svs,Lung_Cancer_N=169/2024-09-20/293909_.svs,
293912_.svs,Lung_Cancer_N=169/2024-09-20/293912_.svs,| ae | a -
293914_.svs,Lung_Cancer_N=169/2024-09-20/293914_.svs,s a | | | —
293917_.svs,Lung_Cancer_N=169/2024-09-20/293917_.svs,
293919_.svs,Lung_Cancer_N=169/2024-09-20/293919_.svs,
293922_.svs,Lung_Cancer_N=169/2024-09-20/293922_.svs,| ; ne
293925_.svs,Lung_Cancer_N=169/2024-09-20/293925_.svs,3 ” ~ “ = >
293927_.svs,Lung_Cancer_N=169/2024-09-20/293927_.svs,
293929_.svs,Lung_Cancer_N=169/2024-09-20/293929_.svs,q : : ee | 2
293932_.svs,Lung_Cancer_N=169/2024-09-20/293932_.svs,
293934_.svs,Lung_Cancer_N=169/2024-09-20/293934_.svs,
293937_.svs,Lung_Cancer_N=169/2024-09-20/293937_.svs,"' 7 ' pone "" : F oe"
293939_.svs,Lung_Cancer_N=169/2024-09-20/293939_.svs,| a pe -
293941_.svs,Lung_Cancer_N=169/2024-09-20/293941_.svs,a . *y a ee -.
293943_.svs,Lung_Cancer_N=169/2024-09-20/293943_.svs,| -
293945_.svs,Lung_Cancer_N=169/2024-09-20/293945_.svs,ae
293947_.svs,Lung_Cancer_N=169/2024-09-20/293947_.svs,a.
293950_.svs,Lung_Cancer_N=169/2024-09-20/293950_.svs,
293952_.svs,Lung_Cancer_N=169/2024-09-20/293952_.svs,
293955_.svs,Lung_Cancer_N=169/2024-09-20/293955_.svs,re 4 | s
293957_.svs,Lung_Cancer_N=169/2024-09-20/293957_.svs,
293959_.svs,Lung_Cancer_N=169/2024-09-20/293959_.svs,
293961_.svs,Lung_Cancer_N=169/2024-09-20/293961_.svs,
293964_.svs,Lung_Cancer_N=169/2024-09-20/293964_.svs,
293967_.svs,Lung_Cancer_N=169/2024-09-20/293967_.svs,
293969_.svs,Lung_Cancer_N=169/2024-09-20/293969_.svs,
293970_.svs,Lung_Cancer_N=169/2024-09-20/293970_.svs,
293972_.svs,Lung_Cancer_N=169/2024-09-20/293972_.svs,
293973_.svs,Lung_Cancer_N=169/2024-09-20/293973_.svs,[
293975_.svs,Lung_Cancer_N=169/2024-09-20/293975_.svs,
293976_.svs,Lung_Cancer_N=169/2024-09-20/293976_.svs,
293978_.svs,Lung_Cancer_N=169/2024-09-20/293978_.svs,
293980_.svs,Lung_Cancer_N=169/2024-09-20/293980_.svs,
293982_.svs,Lung_Cancer_N=169/2024-09-20/293982_.svs,
293984_.svs,Lung_Cancer_N=169/2024-09-20/293984_.svs,
293986_.svs,Lung_Cancer_N=169/2024-09-20/293986_.svs,
293987_.svs,Lung_Cancer_N=169/2024-09-20/293987_.svs,a | . ) im ” ”
293989_.svs,Lung_Cancer_N=169/2024-09-20/293989_.svs,
293991_.svs,Lung_Cancer_N=169/2024-09-20/293991_.svs,
293993_.svs,Lung_Cancer_N=169/2024-09-20/293993_.svs,” | —aae o oe
293995_.svs,Lung_Cancer_N=169/2024-09-20/293995_.svs,|
293997_.svs,Lung_Cancer_N=169/2024-09-20/293997_.svs,"I | aos | | , ‘ -"
293999_.svs,Lung_Cancer_N=169/2024-09-20/293999_.svs,
294001_.svs,Lung_Cancer_N=169/2024-09-20/294001_.svs,
294002_.svs,Lung_Cancer_N=169/2024-09-20/294002_.svs,- : ne 7 =
294004_.svs,Lung_Cancer_N=169/2024-09-20/294004_.svs,
294006_.svs,Lung_Cancer_N=169/2024-09-20/294006_.svs,
294007_.svs,Lung_Cancer_N=169/2024-09-20/294007_.svs,
294009_.svs,Lung_Cancer_N=169/2024-09-20/294009_.svs,"| : , - , a"
294011_.svs,Lung_Cancer_N=169/2024-09-20/294011_.svs,
294012_.svs,Lung_Cancer_N=169/2024-09-20/294012_.svs,: | . | tee “
294014_.svs,Lung_Cancer_N=169/2024-09-20/294014_.svs,
294016_.svs,Lung_Cancer_N=169/2024-09-20/294016_.svs,3 | : | |
294018_.svs,Lung_Cancer_N=169/2024-09-20/294018_.svs,
